Track URI,Track Name,Album Name,Artist Name(s),Release Date,Duration (ms),Popularity,Explicit,Added By,Added At,Genres,Record Label,Danceability,Energy,Key,Loudness,Mode,Speechiness,Acousticness,Instrumentalness,Liveness,Valence,Tempo,Time Signature
spotify:track:0Vcpo9El50PNNbZXfKbNti,"Just One Fix","KE*A*H** (Psalm 69)","Ministry",1992-07-10,310293,53,false,,1970-01-01T00:00:00Z,"industrial,industrial metal,industrial rock,ebm,darkwave","Rhino",0.539,0.982,0,-4.495,1,0.0592,0.0000142,0.462,0.371,0.145,132.984,4
spotify:track:3do2nkCl1uEcmDKgupv5xX,"Millennium","Millennium","Front Line Assembly",1994-10-10,369800,34,false,,1970-01-01T00:00:00Z,"industrial,ebm,industrial metal,industrial rock,darkwave","Roadrunner Records",0.574,0.943,7,-7.543,0,0.0417,0.0000263,0.581,0.411,0.45,135.031,4
spotify:track:1FnWALljyyPI9zWasp5q1T,"Worlock","Rabies","Skinny Puppy",1989-11-21,330240,43,false,,1970-01-01T00:00:00Z,"industrial,ebm,industrial rock,industrial metal,darkwave,gothic rock,deathrock,post-punk","Nettwerk Music Group",0.62,0.906,0,-6.147,1,0.0685,0.00496,0.00699,0.126,0.484,91.384,4
spotify:track:7uEJJFl1UJur4sV0DVLNbW,"I'm Afraid Of Americans V1 - 2022 Remaster","I’m Afraid Of Americans E.P. (Remaster)","David Bowie",2022-02-04,329831,51,false,,1970-01-01T00:00:00Z,"glam rock,art rock","Parlophone UK",0.697,0.802,1,-8.178,1,0.0632,0.0194,0.00901,0.172,0.749,80.031,4
spotify:track:6zg8ZhV4KmZX66FbfEuegL,"Nihil","3teeth","3TEETH",2014-06-03,242742,42,true,,1970-01-01T00:00:00Z,"industrial metal,industrial,industrial rock,ebm","Duetti",0.511,0.779,8,-6.612,1,0.0291,0.0000337,0.76,0.0837,0.122,90.004,4
spotify:track:5CSOgajVHcdLeQgc1sPAMC,"Just Like You","Twitch","Ministry",1986-03-12,303773,31,true,,1970-01-01T00:00:00Z,"industrial,industrial metal,industrial rock,ebm,darkwave","Sire/Warner Records",0.616,0.995,9,-8.78,0,0.0859,0.000456,0.374,0.165,0.0393,111.405,4
spotify:track:4zvwporoplttLna2hmfsjZ,"Dead & Buried - 12"" Version","The Singles 1983-1995","Alien Sex Fiend",1995-01-01,242000,40,false,,1970-01-01T00:00:00Z,"deathrock,gothic rock,post-punk,darkwave,cold wave,industrial,gothic metal,ebm","Anagram",0.486,0.89,4,-7.809,0,0.202,0.00205,0.0674,0.151,0.568,169.387,4
spotify:track:2D9q6ht41Hrpq6k8Jm3ev3,"Mindphaser","Reclamation","Front Line Assembly",1997-10-20,404466,35,false,,1970-01-01T00:00:00Z,"industrial,ebm,industrial metal,industrial rock,darkwave","Roadrunner Records",0.632,0.885,1,-9.451,1,0.0411,0.0000289,0.87,0.294,0.174,125.031,4
spotify:track:0jZaj1P1ZWt4egiHYiK5uT,"Smothered Hope","Remission","Skinny Puppy",1984-12-01,314533,40,false,,1970-01-01T00:00:00Z,"industrial,ebm,industrial rock,industrial metal,darkwave,gothic rock,deathrock,post-punk","Nettwerk Music Group",0.651,0.547,9,-15.099,0,0.0594,0.000789,0.000566,0.0823,0.603,118.444,4
spotify:track:286oOUWsKLgh9DMcOqKkkQ,"Dominion / Mother Russia","Floodland","Sisters of Mercy",1987,420300,54,false,,1970-01-01T00:00:00Z,"gothic rock,darkwave,post-punk,deathrock,cold wave,new wave,gothic metal","Rhino",0.613,0.937,5,-10.13,1,0.0498,0.00209,0.0501,0.518,0.414,121.062,4
spotify:track:6KCthSzW230fnf6IygPaI0,"Thieves","The Mind Is a Terrible Thing to Taste","Ministry",1989-11-10,301426,50,true,,1970-01-01T00:00:00Z,"industrial,industrial metal,industrial rock,ebm,darkwave","Sire/Warner Records",0.646,0.881,5,-5.407,1,0.131,0.000115,0.00042,0.727,0.359,111.275,4
spotify:track:2pCEaJskwTTp7omAyUKvR0,"Da Ya Think I'm Sexy?","Linger Ficken' Good...And Other Barnyard Oddities","Revolting Cocks",1993-01-01,337226,39,false,,1970-01-01T00:00:00Z,"industrial,industrial metal,industrial rock,ebm","Reprise",0.691,0.779,2,-8.433,1,0.043,0.0000386,0.296,0.0875,0.496,108.028,4
spotify:track:1lESP2UmlSpvC15nSTEXZ8,"Lightning Man","Showtime","Nitzer Ebb",1990-03-20,298000,29,false,,1970-01-01T00:00:00Z,"ebm,industrial,industrial rock,industrial metal,darkwave,synthpop","Geffen",0.813,0.454,0,-10.972,1,0.0554,0.00296,0.00000892,0.165,0.555,119.627,4
spotify:track:2Kebw90X8vgGRk2mvl9pBF,"Vigilante","Millennium","Front Line Assembly",1994-10-10,388466,31,false,,1970-01-01T00:00:00Z,"industrial,ebm,industrial metal,industrial rock,darkwave","Roadrunner Records",0.484,0.936,6,-9.4,0,0.0504,0.0000223,0.823,0.291,0.152,106.047,4
spotify:track:6Vs53ujCYKgv2OHfFU0FrU,"Tin Omen","Rabies","Skinny Puppy",1989-11-21,278466,37,false,,1970-01-01T00:00:00Z,"industrial,ebm,industrial rock,industrial metal,darkwave,gothic rock,deathrock,post-punk","Nettwerk Music Group",0.66,0.83,11,-13.518,0,0.0573,0.000879,0.0266,0.371,0.514,125.369,4
spotify:track:07ZVs9pwxRNkr6sRyiIeV0,"Lava","Filth Pig","Ministry",1996-01-26,390200,36,false,,1970-01-01T00:00:00Z,"industrial,industrial metal,industrial rock,ebm,darkwave","Warner Records",0.441,0.828,1,-5.855,1,0.0293,0.000132,0.763,0.0875,0.329,184.474,4
spotify:track:1FyfPd5AMMjrorTdu3wASG,"Lucretia My Reflection","Floodland (2006 Remaster; Expanded Deluxe Version)","Sisters of Mercy",1987,297159,48,false,,1970-01-01T00:00:00Z,"gothic rock,darkwave,post-punk,deathrock,cold wave,new wave,gothic metal","Rhino",0.602,0.776,9,-9.204,1,0.0311,0.129,0.77,0.193,0.923,129.458,4
spotify:track:3RTT5E35y5YcqrqxPI56Oq,"Creep","Linger Ficken' Good...And Other Barnyard Oddities","Revolting Cocks",1993-01-01,533693,24,false,,1970-01-01T00:00:00Z,"industrial,industrial metal,industrial rock,ebm","Reprise",0.603,0.881,4,-10.74,0,0.0376,0.0000868,0.888,0.0487,0.36,112.254,4
spotify:track:0eBlkkenpIUKzDHQJihrRG,"Control I'm Here","Belief","Nitzer Ebb",1989,232800,32,false,,1970-01-01T00:00:00Z,"ebm,industrial,industrial rock,industrial metal,darkwave,synthpop","Geffen",0.727,0.878,10,-13.262,0,0.052,0.00561,0.445,0.0398,0.847,125.008,4
spotify:track:67MkU3b7k2fBL6oHHUiM09,"Dark Entries","In the Flat Field","Bauhaus",1980-11-03,231560,57,false,,1970-01-01T00:00:00Z,"gothic rock,post-punk,deathrock,darkwave,cold wave,new wave","4AD",0.24,0.851,2,-11.941,1,0.0492,0.00017,0.641,0.344,0.512,171.036,4
spotify:track:1UNVyW8Do7ymCzyJWrdct0,"Faith Collapsing","The Mind Is a Terrible Thing to Taste","Ministry",1989-11-10,241000,28,false,,1970-01-01T00:00:00Z,"industrial,industrial metal,industrial rock,ebm,darkwave","Sire/Warner Records",0.632,0.728,11,-12.48,0,0.0322,0.000194,0.218,0.111,0.533,92.894,3
spotify:track:6COSFWJGT4qcNKFYb18s3a,"Spasmolytic","Too Dark Park","Skinny Puppy",1990-10-25,233906,32,false,,1970-01-01T00:00:00Z,"industrial,ebm,industrial rock,industrial metal,darkwave,gothic rock,deathrock,post-punk","Nettwerk Music Group",0.552,0.912,9,-8.673,1,0.0725,0.00219,0.000384,0.0681,0.467,149.173,4
spotify:track:0XfNjyJcb7d2ZAscVM4K7J,"Wish","Broken","Nine Inch Nails",1992-09-22,226733,58,true,,1970-01-01T00:00:00Z,"industrial rock,industrial,industrial metal,alternative metal,nu metal","Nothing",0.516,0.989,7,-7.206,1,0.0754,0.000407,0.355,0.697,0.149,135.053,4
spotify:track:43zzNBaOzTuSraWzROV5AG,"Attack Ships on Fire","Big Sexy Land","Revolting Cocks",1986-11-04,294383,33,false,,1970-01-01T00:00:00Z,"industrial,industrial metal,industrial rock,ebm","Cleopatra Records",0.649,0.929,3,-13.082,1,0.0439,0.0302,0.77,0.339,0.517,131.711,4
spotify:track:7wrsi00cYfo1pSSjNst04Z,"Godhead","Ebbhead","Nitzer Ebb",1991-01-01,268733,23,false,,1970-01-01T00:00:00Z,"ebm,industrial,industrial rock,industrial metal,darkwave,synthpop","Geffen",0.577,0.707,2,-14.296,1,0.0459,0.000754,0.00000544,0.149,0.396,153.189,4
spotify:track:2ZtgvpPCMjOtIpjGljjTKU,"Filth Pig","Filth Pig","Ministry",1996-01-26,379600,38,true,,1970-01-01T00:00:00Z,"industrial,industrial metal,industrial rock,ebm,darkwave","Warner Records",0.493,0.59,10,-7.884,1,0.0303,0.0000051,0.739,0.239,0.241,128.337,4
spotify:track:0HCxCQXakzMJfjcek0Qn7E,"Killing Grounds","Echogenetic","Front Line Assembly",2013-07-09,358520,38,false,,1970-01-01T00:00:00Z,"industrial,ebm,industrial metal,industrial rock,darkwave","Metropolis Records",0.54,0.804,8,-8.923,1,0.0489,0.000341,0.764,0.0786,0.449,128.017,4
spotify:track:3bAxCP6BjdFvezAhUl2EGV,"Testure","VIVI SECT VI","Skinny Puppy",1988,306706,36,false,,1970-01-01T00:00:00Z,"industrial,ebm,industrial rock,industrial metal,darkwave,gothic rock,deathrock,post-punk","Nettwerk Music Group",0.608,0.976,2,-11.284,0,0.0309,0.142,0.491,0.0536,0.857,118.066,4
spotify:track:0vyoxWYsDYduwnYuiEHOZg,"Last","Broken","Nine Inch Nails",1992-09-22,284573,51,false,,1970-01-01T00:00:00Z,"industrial rock,industrial,industrial metal,alternative metal,nu metal","Nothing",0.488,0.958,2,-6.114,1,0.0464,0.000288,0.0539,0.553,0.426,90.04,4
spotify:track:340oDF0fLeWj6T6zaSlamI,"Mr. Lucky","Linger Ficken' Good...And Other Barnyard Oddities","Revolting Cocks",1993-01-01,281840,20,false,,1970-01-01T00:00:00Z,"industrial,industrial metal,industrial rock,ebm","Reprise",0.573,0.831,10,-10.819,0,0.0336,0.000124,0.137,0.331,0.765,92.145,4
spotify:track:3gIxT1s0gqauz95wbwBzLj,"Stigmata - Update Mix","Land of Rape and Honey","Ministry",1988,344933,42,false,,1970-01-01T00:00:00Z,"industrial,industrial metal,industrial rock,ebm,darkwave","Rhino/Warner Records",0.531,0.856,0,-10.654,1,0.0604,0.00127,0.32,0.355,0.133,153.991,4
spotify:track:34vs8Nv1UbY63eWgMR1Tb2,"Join In The Chant","That Total Age","Nitzer Ebb",1987-05-11,365706,39,false,,1970-01-01T00:00:00Z,"ebm,industrial,industrial rock,industrial metal,darkwave,synthpop","Geffen",0.74,0.748,10,-12.057,0,0.065,0.00183,0.31,0.0694,0.611,121.086,4
spotify:track:5LS948zEKQgdunM8X2LyOV,"Dust","3teeth","3TEETH",2014-06-03,226285,38,true,,1970-01-01T00:00:00Z,"industrial metal,industrial,industrial rock,ebm","Duetti",0.406,0.829,6,-5.49,1,0.0545,0.00046,0.804,0.0761,0.0727,87.487,4
spotify:track:4qPk6RCIuWowQxtiFf44CG,"Tormentor","Too Dark Park","Skinny Puppy",1990-10-25,273333,31,false,,1970-01-01T00:00:00Z,"industrial,ebm,industrial rock,industrial metal,darkwave,gothic rock,deathrock,post-punk","Nettwerk Music Group",0.613,0.932,7,-8.015,1,0.0621,0.00567,0.0109,0.079,0.523,111.02,4
spotify:track:3LxT4mhYd4JkagpE43Nv9m,"Shut Me Down","A World Lit Only by Fire","Godflesh",2017-09-24,266000,38,false,,1970-01-01T00:00:00Z,"industrial metal,industrial,industrial rock,sludge metal,drone metal,noise rock,groove metal,stoner metal,ebm,drone","Avalanche Recordings",0.388,0.825,1,-9.226,0,0.0353,0.0000521,0.852,0.324,0.51,176.099,4
spotify:track:6Hh5u5c6eTWLYE7R9RgL7M,"So What","The Mind Is a Terrible Thing to Taste","Ministry",1989-11-10,493826,42,true,,1970-01-01T00:00:00Z,"industrial,industrial metal,industrial rock,ebm,darkwave","Sire/Warner Records",0.682,0.607,11,-12.646,0,0.0395,0.000024,0.384,0.178,0.512,129.58,4
spotify:track:1F3oLHLJqcpkV85nZO0T51,"Crackin' Up","Linger Ficken' Good...And Other Barnyard Oddities","Revolting Cocks",1993-01-01,389000,27,false,,1970-01-01T00:00:00Z,"industrial,industrial metal,industrial rock,ebm","Reprise",0.576,0.74,1,-10.685,1,0.0495,0.00000665,0.818,0.357,0.625,119.449,4
spotify:track:0JoQgbb8kxG4h7KNjl9IwD,"Let Beauty Loose","That Total Age","Nitzer Ebb",1987-05-11,144893,22,false,,1970-01-01T00:00:00Z,"ebm,industrial,industrial rock,industrial metal,darkwave,synthpop","Geffen",0.752,0.576,9,-15.937,0,0.0845,0.0000116,0.858,0.101,0.829,116.091,4
spotify:track:3VkyKA0iCT1ABwaSjb0kpf,"Peek-A-Boo","Peepshow (Remastered And Expanded)","Siouxsie and the Banshees",1988-09-05,192813,48,false,,1970-01-01T00:00:00Z,"gothic rock,post-punk,deathrock,darkwave,new wave,cold wave","UMC (Universal Music Catalogue)",0.825,0.684,2,-8.6,1,0.256,0.444,0,0.106,0.622,105.207,4
spotify:track:4fvtabuKjA4mHhwfikXsHm,"Far Too Frail","Remission","Skinny Puppy",1984-12-01,223333,34,false,,1970-01-01T00:00:00Z,"industrial,ebm,industrial rock,industrial metal,darkwave,gothic rock,deathrock,post-punk","Nettwerk Music Group",0.631,0.732,3,-12.673,0,0.0371,0.00292,0.00069,0.168,0.779,138.919,4
spotify:track:5Pw0WYcFMkMnnQsII5nMOe,"Goddamn White Trash","HOPIUMFORTHEMASSES","Ministry",2024-03-01,283293,48,true,,1970-01-01T00:00:00Z,"industrial,industrial metal,industrial rock,ebm,darkwave","Nuclear Blast",0.565,0.834,2,-7.934,1,0.0397,0.0273,0.35,0.0721,0.285,95.041,4
spotify:track:5El6bpLd8nYPsvWgZLdHio,"Go! - Club Mix","Everything!","Tones On Tail",1984,268773,43,false,,1970-01-01T00:00:00Z,"gothic rock,post-punk,deathrock,darkwave,cold wave,new wave","Beggars Banquet",0.562,0.809,0,-6.791,1,0.0385,0.0276,0.23,0.11,0.451,174.527,4
spotify:track:1Jt61uQC8flukJ1MsjP5DW,"Master of Decay","3teeth","3TEETH",2014-06-03,289832,32,false,,1970-01-01T00:00:00Z,"industrial metal,industrial,industrial rock,ebm","Duetti",0.389,0.998,1,-5.035,1,0.114,0.00677,0.852,0.618,0.45,174.001,4
spotify:track:0vtGuTEVorGFdqGd4fCaFK,"Getting Closer","Showtime","Nitzer Ebb",1990-03-20,253200,34,false,,1970-01-01T00:00:00Z,"ebm,industrial,industrial rock,industrial metal,darkwave,synthpop","Geffen",0.664,0.79,5,-10.244,1,0.0576,0.000277,0.00000301,0.144,0.446,119.613,4
spotify:track:0Cf9QHPb1pUbA7Vwyw1vYk,"38","Big Sexy Land","Revolting Cocks",1986-11-04,250761,22,false,,1970-01-01T00:00:00Z,"industrial,industrial metal,industrial rock,ebm","Cleopatra Records",0.528,0.972,10,-12.377,0,0.0325,0.000329,0.566,0.0771,0.273,141.132,4
spotify:track:3vgEjscs7IcDPJ0t6IpXQN,"Cannibal Song","The Mind Is a Terrible Thing to Taste","Ministry",1989-11-10,370333,35,false,,1970-01-01T00:00:00Z,"industrial,industrial metal,industrial rock,ebm,darkwave","Sire/Warner Records",0.642,0.879,1,-11.825,1,0.0284,0.0000146,0.724,0.887,0.245,107.84,4
spotify:track:5b4JJaNJfrrLQk8qzGif0s,"Death","The Process","Skinny Puppy",1996,236893,29,false,,1970-01-01T00:00:00Z,"industrial,ebm,industrial rock,industrial metal,darkwave,gothic rock,deathrock,post-punk","American Recordings Catalog P&D",0.321,0.87,6,-6.595,0,0.103,0.00000301,0.0416,0.377,0.436,115.966,4
spotify:track:3M7B0bpzvBwPpUmfUAeShj,"Sex Bomb","Farstucker (Special Remastered Band Edition)","Lords Of Acid",2017-09-22,213493,32,true,,1970-01-01T00:00:00Z,"industrial,industrial rock,ebm,industrial metal,hardcore techno,acid house","Metropolis Records",0.499,0.935,4,-3.596,0,0.0485,0.0000651,0.463,0.138,0.395,141.964,4
spotify:track:6VOeqInHQmTvkszqloBjJS,"Unveiled","3teeth","3TEETH",2014-06-03,189941,23,false,,1970-01-01T00:00:00Z,"industrial metal,industrial,industrial rock,ebm","Duetti",0.476,0.678,8,-8.086,0,0.033,0.024,0.964,0.111,0.803,171.984,4
spotify:track:3GBDyrVOYppYKP58tP8bDd,"I Give To You","Ebbhead","Nitzer Ebb",1991-01-01,309440,27,false,,1970-01-01T00:00:00Z,"ebm,industrial,industrial rock,industrial metal,darkwave,synthpop","Geffen",0.597,0.682,8,-13.654,1,0.0447,0.000171,0.000157,0.273,0.455,109.108,4
