Track URI,Track Name,Album Name,Artist Name(s),Release Date,Duration (ms),Popularity,Explicit,Added By,Added At,Genres,Record Label,Danceability,Energy,Key,Loudness,Mode,Speechiness,Acousticness,Instrumentalness,Liveness,Valence,Tempo,Time Signature
spotify:track:2pCEaJskwTTp7omAyUKvR0,"Da Ya Think I'm Sexy?","Linger Ficken' Good...And Other Barnyard Oddities","Revolting Cocks",1993-01-01,337226,39,false,,1970-01-01T00:00:00Z,"industrial,industrial metal,industrial rock,ebm","Reprise",0.691,0.779,2,-8.433,1,0.043,0.0000386,0.296,0.0875,0.496,108.028,4
spotify:track:5CSOgajVHcdLeQgc1sPAMC,"Just Like You","Twitch","Ministry",1986-03-12,303773,31,true,,1970-01-01T00:00:00Z,"industrial,industrial metal,industrial rock,ebm,darkwave","Sire/Warner Records",0.616,0.995,9,-8.78,0,0.0859,0.000456,0.374,0.165,0.0393,111.405,4
spotify:track:2SNoyv4Gt5OZg7gDDcJo6S,"Mindphaser","Tactical Neural Implant","Front Line Assembly",1992-04-20,303666,33,false,,1970-01-01T00:00:00Z,"industrial,ebm,industrial metal,industrial rock,darkwave","Roadrunner Records",0.605,0.765,1,-12.95,1,0.0412,0.000019,0.829,0.281,0.184,125.022,4
spotify:track:0jZaj1P1ZWt4egiHYiK5uT,"Smothered Hope","Remission","Skinny Puppy",1984-12-01,314533,40,false,,1970-01-01T00:00:00Z,"industrial,ebm,industrial rock,industrial metal,darkwave,gothic rock,deathrock,post-punk","Nettwerk Music Group",0.651,0.547,9,-15.099,0,0.0594,0.000789,0.000566,0.0823,0.603,118.444,4
spotify:track:7wrsi00cYfo1pSSjNst04Z,"Godhead","Ebbhead","Nitzer Ebb",1991-01-01,268733,23,false,,1970-01-01T00:00:00Z,"ebm,industrial,industrial rock,industrial metal,darkwave,synthpop","Geffen",0.577,0.707,2,-14.296,1,0.0459,0.000754,0.00000544,0.149,0.396,153.189,4
spotify:track:43zzNBaOzTuSraWzROV5AG,"Attack Ships on Fire","Big Sexy Land","Revolting Cocks",1986-11-04,294383,33,false,,1970-01-01T00:00:00Z,"industrial,industrial metal,industrial rock,ebm","Cleopatra Records",0.649,0.929,3,-13.082,1,0.0439,0.0302,0.77,0.339,0.517,131.711,4
spotify:track:3M7B0bpzvBwPpUmfUAeShj,"Sex Bomb","Farstucker (Special Remastered Band Edition)","Lords Of Acid",2017-09-22,213493,32,true,,1970-01-01T00:00:00Z,"industrial,industrial rock,ebm,industrial metal,hardcore techno,acid house","Metropolis Records",0.499,0.935,4,-3.596,0,0.0485,0.0000651,0.463,0.138,0.395,141.964,4
spotify:track:3vgEjscs7IcDPJ0t6IpXQN,"Cannibal Song","The Mind Is a Terrible Thing to Taste","Ministry",1989-11-10,370333,35,false,,1970-01-01T00:00:00Z,"industrial,industrial metal,industrial rock,ebm,darkwave","Sire/Warner Records",0.642,0.879,1,-11.825,1,0.0284,0.0000146,0.724,0.887,0.245,107.84,4
spotify:track:15lgQGNF3f75w6bdEZQoZn,"The Blade","Tactical Neural Implant","Front Line Assembly",1992-04-20,350866,32,false,,1970-01-01T00:00:00Z,"industrial,ebm,industrial metal,industrial rock,darkwave","Roadrunner Records",0.652,0.738,2,-13.324,1,0.055,0.0000381,0.836,0.0727,0.208,114.009,4
spotify:track:1FnWALljyyPI9zWasp5q1T,"Worlock","Rabies","Skinny Puppy",1989-11-21,330240,43,false,,1970-01-01T00:00:00Z,"industrial,ebm,industrial rock,industrial metal,darkwave,gothic rock,deathrock,post-punk","Nettwerk Music Group",0.62,0.906,0,-6.147,1,0.0685,0.00496,0.00699,0.126,0.484,91.384,4
spotify:track:3RTT5E35y5YcqrqxPI56Oq,"Creep","Linger Ficken' Good...And Other Barnyard Oddities","Revolting Cocks",1993-01-01,533693,24,false,,1970-01-01T00:00:00Z,"industrial,industrial metal,industrial rock,ebm","Reprise",0.603,0.881,4,-10.74,0,0.0376,0.0000868,0.888,0.0487,0.36,112.254,4
spotify:track:1lESP2UmlSpvC15nSTEXZ8,"Lightning Man","Showtime","Nitzer Ebb",1990-03-20,298000,29,false,,1970-01-01T00:00:00Z,"ebm,industrial,industrial rock,industrial metal,darkwave,synthpop","Geffen",0.813,0.454,0,-10.972,1,0.0554,0.00296,0.00000892,0.165,0.555,119.627,4
spotify:track:5El6bpLd8nYPsvWgZLdHio,"Go! - Club Mix","Everything!","Tones On Tail",1984,268773,43,false,,1970-01-01T00:00:00Z,"gothic rock,post-punk,deathrock,darkwave,cold wave,new wave","Beggars Banquet",0.562,0.809,0,-6.791,1,0.0385,0.0276,0.23,0.11,0.451,174.527,4
spotify:track:6KCthSzW230fnf6IygPaI0,"Thieves","The Mind Is a Terrible Thing to Taste","Ministry",1989-11-10,301426,50,true,,1970-01-01T00:00:00Z,"industrial,industrial metal,industrial rock,ebm,darkwave","Sire/Warner Records",0.646,0.881,5,-5.407,1,0.131,0.000115,0.00042,0.727,0.359,111.275,4
spotify:track:3do2nkCl1uEcmDKgupv5xX,"Millennium","Millennium","Front Line Assembly",1994-10-10,369800,34,false,,1970-01-01T00:00:00Z,"industrial,ebm,industrial metal,industrial rock,darkwave","Roadrunner Records",0.574,0.943,7,-7.543,0,0.0417,0.0000263,0.581,0.411,0.45,135.031,4
spotify:track:0Cf9QHPb1pUbA7Vwyw1vYk,"38","Big Sexy Land","Revolting Cocks",1986-11-04,250761,22,false,,1970-01-01T00:00:00Z,"industrial,industrial metal,industrial rock,ebm","Cleopatra Records",0.528,0.972,10,-12.377,0,0.0325,0.000329,0.566,0.0771,0.273,141.132,4
spotify:track:6Vs53ujCYKgv2OHfFU0FrU,"Tin Omen","Rabies","Skinny Puppy",1989-11-21,278466,37,false,,1970-01-01T00:00:00Z,"industrial,ebm,industrial rock,industrial metal,darkwave,gothic rock,deathrock,post-punk","Nettwerk Music Group",0.66,0.83,11,-13.518,0,0.0573,0.000879,0.0266,0.371,0.514,125.369,4
spotify:track:0eBlkkenpIUKzDHQJihrRG,"Control I'm Here","Belief","Nitzer Ebb",1989,232800,32,false,,1970-01-01T00:00:00Z,"ebm,industrial,industrial rock,industrial metal,darkwave,synthpop","Geffen",0.727,0.878,10,-13.262,0,0.052,0.00561,0.445,0.0398,0.847,125.008,4
spotify:track:2bUUMb6Xo8G1hhBjzXlb5b,"I Sit on Acid","Lust (Special Remastered Band Edition)","Lords Of Acid",2017-04-28,352586,47,true,,1970-01-01T00:00:00Z,"industrial,industrial rock,ebm,industrial metal,hardcore techno,acid house","Metropolis Records",0.55,0.972,3,-2.622,0,0.0354,0.00000176,0.784,0.125,0.556,119.377,4
spotify:track:0Vcpo9El50PNNbZXfKbNti,"Just One Fix","KE*A*H** (Psalm 69)","Ministry",1992-07-10,310293,53,false,,1970-01-01T00:00:00Z,"industrial,industrial metal,industrial rock,ebm,darkwave","Rhino",0.539,0.982,0,-4.495,1,0.0592,0.0000142,0.462,0.371,0.145,132.984,4
spotify:track:1F3oLHLJqcpkV85nZO0T51,"Crackin' Up","Linger Ficken' Good...And Other Barnyard Oddities","Revolting Cocks",1993-01-01,389000,27,false,,1970-01-01T00:00:00Z,"industrial,industrial metal,industrial rock,ebm","Reprise",0.576,0.74,1,-10.685,1,0.0495,0.00000665,0.818,0.357,0.625,119.449,4
spotify:track:2Kebw90X8vgGRk2mvl9pBF,"Vigilante","Millennium","Front Line Assembly",1994-10-10,388466,31,false,,1970-01-01T00:00:00Z,"industrial,ebm,industrial metal,industrial rock,darkwave","Roadrunner Records",0.484,0.936,6,-9.4,0,0.0504,0.0000223,0.823,0.291,0.152,106.047,4
spotify:track:6COSFWJGT4qcNKFYb18s3a,"Spasmolytic","Too Dark Park","Skinny Puppy",1990-10-25,233906,32,false,,1970-01-01T00:00:00Z,"industrial,ebm,industrial rock,industrial metal,darkwave,gothic rock,deathrock,post-punk","Nettwerk Music Group",0.552,0.912,9,-8.673,1,0.0725,0.00219,0.000384,0.0681,0.467,149.173,4
spotify:track:34vs8Nv1UbY63eWgMR1Tb2,"Join In The Chant","That Total Age","Nitzer Ebb",1987-05-11,365706,39,false,,1970-01-01T00:00:00Z,"ebm,industrial,industrial rock,industrial metal,darkwave,synthpop","Geffen",0.74,0.748,10,-12.057,0,0.065,0.00183,0.31,0.0694,0.611,121.086,4
spotify:track:2vjLVBUeSMw2OBDGrNTWbg,"The Crablouse (Remastered)","Voodoo-U (Special Remastered Band Edition)","Lords Of Acid",2017-08-04,252533,41,true,,1970-01-01T00:00:00Z,"industrial,industrial rock,ebm,industrial metal,hardcore techno,acid house","Metropolis Records",0.477,0.994,7,-2.808,1,0.28,0.00134,0.000514,0.648,0.192,117.057,4
spotify:track:6Hh5u5c6eTWLYE7R9RgL7M,"So What","The Mind Is a Terrible Thing to Taste","Ministry",1989-11-10,493826,42,true,,1970-01-01T00:00:00Z,"industrial,industrial metal,industrial rock,ebm,darkwave","Sire/Warner Records",0.682,0.607,11,-12.646,0,0.0395,0.000024,0.384,0.178,0.512,129.58,4
spotify:track:340oDF0fLeWj6T6zaSlamI,"Mr. Lucky","Linger Ficken' Good...And Other Barnyard Oddities","Revolting Cocks",1993-01-01,281840,20,false,,1970-01-01T00:00:00Z,"industrial,industrial metal,industrial rock,ebm","Reprise",0.573,0.831,10,-10.819,0,0.0336,0.000124,0.137,0.331,0.765,92.145,4
spotify:track:4hU4xH9wKHssXSe282FkK3,"Resist","Caustic Grip","Front Line Assembly",1990,326666,29,false,,1970-01-01T00:00:00Z,"industrial,ebm,industrial metal,industrial rock,darkwave","Roadrunner Records",0.613,0.873,10,-9.269,0,0.0416,0.0000265,0.68,0.803,0.475,128,4
spotify:track:0uvle7g38tGBZMG6QiwKzt,"Addiction","Mind: The Perpetual Intercourse","Skinny Puppy",1986-09-05,361333,29,false,,1970-01-01T00:00:00Z,"industrial,ebm,industrial rock,industrial metal,darkwave,gothic rock,deathrock,post-punk","Nettwerk Music Group",0.642,0.791,2,-12.816,1,0.034,0.007,0.000611,0.198,0.581,109.669,4
spotify:track:0vtGuTEVorGFdqGd4fCaFK,"Getting Closer","Showtime","Nitzer Ebb",1990-03-20,253200,34,false,,1970-01-01T00:00:00Z,"ebm,industrial,industrial rock,industrial metal,darkwave,synthpop","Geffen",0.664,0.79,5,-10.244,1,0.0576,0.000277,0.00000301,0.144,0.446,119.613,4
spotify:track:0LKQNJrKt1tcpV3DWvGPoT,"The Sonology Of Sex Ii - Le Comtesse De Sang","The Sonology Of Sex Ii (Le Comtesse De Sang)","Clock DVA",2019-02-01,221254,23,false,,1970-01-01T00:00:00Z,"ebm,industrial,post-punk,industrial rock,darkwave","Goa Classic Records",0.637,0.844,7,-9.852,1,0.0466,0.000536,0.935,0.365,0.523,128.969,4
spotify:track:3KzJpMb6ttHB1en0fwDj4U,"You Know What You Are","Land of Rape and Honey","Ministry",1988,285066,36,false,,1970-01-01T00:00:00Z,"industrial,industrial metal,industrial rock,ebm,darkwave","Rhino/Warner Records",0.437,0.848,11,-12.811,0,0.0351,0.0671,0.0852,0.264,0.503,197.789,4
spotify:track:3fICxrMF1pmEl8aCw5mAmG,"Dirt","Linger Ficken' Good...And Other Barnyard Oddities","Revolting Cocks",1993-01-01,310106,15,false,,1970-01-01T00:00:00Z,"industrial,industrial metal,industrial rock,ebm","Reprise",0.637,0.925,5,-11.365,1,0.126,0.0000601,0.0323,0.336,0.127,121.012,4
spotify:track:0HCxCQXakzMJfjcek0Qn7E,"Killing Grounds","Echogenetic","Front Line Assembly",2013-07-09,358520,38,false,,1970-01-01T00:00:00Z,"industrial,ebm,industrial metal,industrial rock,darkwave","Metropolis Records",0.54,0.804,8,-8.923,1,0.0489,0.000341,0.764,0.0786,0.449,128.017,4
spotify:track:3bAxCP6BjdFvezAhUl2EGV,"Testure","VIVI SECT VI","Skinny Puppy",1988,306706,36,false,,1970-01-01T00:00:00Z,"industrial,ebm,industrial rock,industrial metal,darkwave,gothic rock,deathrock,post-punk","Nettwerk Music Group",0.608,0.976,2,-11.284,0,0.0309,0.142,0.491,0.0536,0.857,118.066,4
spotify:track:5xJ7OfsF5Zv4A43wC3vXJR,"Violent Playground","That Total Age","Nitzer Ebb",1987-05-11,229506,29,false,,1970-01-01T00:00:00Z,"ebm,industrial,industrial rock,industrial metal,darkwave,synthpop","Geffen",0.647,0.712,6,-14.434,1,0.0734,0.00178,0.301,0.0958,0.382,170.749,4
spotify:track:74NxpxUgXdX8XoWwiMWnYq,"Voodoo-U (Remastered)","Voodoo-U (Special Remastered Band Edition)","Lords Of Acid",2017-08-04,234706,35,true,,1970-01-01T00:00:00Z,"industrial,industrial rock,ebm,industrial metal,hardcore techno,acid house","Metropolis Records",0.461,0.977,11,-4.008,0,0.0695,0.0000159,0.729,0.643,0.594,159.78,4
spotify:track:3gIxT1s0gqauz95wbwBzLj,"Stigmata - Update Mix","Land of Rape and Honey","Ministry",1988,344933,42,false,,1970-01-01T00:00:00Z,"industrial,industrial metal,industrial rock,ebm,darkwave","Rhino/Warner Records",0.531,0.856,0,-10.654,1,0.0604,0.00127,0.32,0.355,0.133,153.991,4
spotify:track:102DPlYGQYxJ7ievGOhrcq,"Gila Copter","Linger Ficken' Good...And Other Barnyard Oddities","Revolting Cocks",1993-01-01,362773,17,true,,1970-01-01T00:00:00Z,"industrial,industrial metal,industrial rock,ebm","Reprise",0.586,0.786,9,-11.982,0,0.0725,0.0201,0.0201,0.35,0.384,116.64,4
spotify:track:2Vlfc5hZxy1XY6XtsOF0aD,"Deadened","Echogenetic","Front Line Assembly",2013-07-09,348000,38,false,,1970-01-01T00:00:00Z,"industrial,ebm,industrial metal,industrial rock,darkwave","Metropolis Records",0.56,0.76,7,-8.607,1,0.0572,0.00202,0.164,0.211,0.321,101.986,4
spotify:track:4qPk6RCIuWowQxtiFf44CG,"Tormentor","Too Dark Park","Skinny Puppy",1990-10-25,273333,31,false,,1970-01-01T00:00:00Z,"industrial,ebm,industrial rock,industrial metal,darkwave,gothic rock,deathrock,post-punk","Nettwerk Music Group",0.613,0.932,7,-8.015,1,0.0621,0.00567,0.0109,0.079,0.523,111.02,4
spotify:track:3GBDyrVOYppYKP58tP8bDd,"I Give To You","Ebbhead","Nitzer Ebb",1991-01-01,309440,27,false,,1970-01-01T00:00:00Z,"ebm,industrial,industrial rock,industrial metal,darkwave,synthpop","Geffen",0.597,0.682,8,-13.654,1,0.0447,0.000171,0.000157,0.273,0.455,109.108,4
spotify:track:6ntk852wkwSm7F1vfmAl8a,"The Most Wonderful Girl","Lust (Special Remastered Band Edition)","Lords Of Acid",2017-04-28,285520,33,true,,1970-01-01T00:00:00Z,"industrial,industrial rock,ebm,industrial metal,hardcore techno,acid house","Metropolis Records",0.511,0.953,10,-4.846,0,0.0371,0.0000122,0.652,0.397,0.609,124.889,4
spotify:track:6W7ngPDxXx5fXrYwiKWN51,"The Land of Rape and Honey","Land of Rape and Honey","Ministry",1988,312306,38,false,,1970-01-01T00:00:00Z,"industrial,industrial metal,industrial rock,ebm,darkwave","Rhino/Warner Records",0.716,0.946,7,-10.707,0,0.0383,0.158,0.00261,0.333,0.195,105.415,4
spotify:track:2cbFotGJZ5FoT50oItc6BB,"Something Wonderful","Beers, Steers + Queers","Revolting Cocks",2014-01-02,271751,29,false,,1970-01-01T00:00:00Z,"industrial,industrial metal,industrial rock,ebm","Cleopatra Records",0.653,0.804,7,-12.356,0,0.0627,0.0000337,0.919,0.0845,0.632,148.026,4
spotify:track:2tPvXrTDTSGxE9Yv8VOkDZ,"Plasticity (Album Version)","Plasticity","Front Line Assembly",1996-08-20,408986,26,false,,1970-01-01T00:00:00Z,"industrial,ebm,industrial metal,industrial rock,darkwave","Metropolis Records",0.479,0.871,2,-12.008,1,0.0405,0.000166,0.855,0.318,0.452,149.86,4
spotify:track:4fvtabuKjA4mHhwfikXsHm,"Far Too Frail","Remission","Skinny Puppy",1984-12-01,223333,34,false,,1970-01-01T00:00:00Z,"industrial,ebm,industrial rock,industrial metal,darkwave,gothic rock,deathrock,post-punk","Nettwerk Music Group",0.631,0.732,3,-12.673,0,0.0371,0.00292,0.00069,0.168,0.779,138.919,4
spotify:track:0nrkUuWvuFfidWn2beMukk,"Hearts And Minds","Belief","Nitzer Ebb",1989,225333,28,false,,1970-01-01T00:00:00Z,"ebm,industrial,industrial rock,industrial metal,darkwave,synthpop","Geffen",0.744,0.656,1,-12.323,1,0.0512,0.000939,0.0000962,0.0347,0.968,120.192,4
spotify:track:6sTxmALdJ31cPG9Dp2DxPh,"Rough Sex","Lust (Special Remastered Band Edition)","Lords Of Acid",2017-04-28,290453,37,true,,1970-01-01T00:00:00Z,"industrial,industrial rock,ebm,industrial metal,hardcore techno,acid house","Metropolis Records",0.396,0.987,4,-1.359,0,0.184,0.000938,0.000318,0.209,0.49,127.581,4
spotify:track:2UsKFVo6oK2yCHo7R1s4Ft,"No Devotion","Big Sexy Land","Revolting Cocks",1986-11-04,412687,22,false,,1970-01-01T00:00:00Z,"industrial,industrial metal,industrial rock,ebm","Cleopatra Records",0.667,0.681,7,-12.684,1,0.0629,0.0944,0.0783,0.444,0.395,127.218,4
